case_id,convergence_time_s,steady_bias_hz,steady_std_hz,nrmse,innovation_mean,innovation_lag1_corr
baseline,0.38,0.00260695701363021,0.00238843530414783,0.00698733954262791,0.000494092654107827,0.995572496853961
noisy_010,0.56,0.00263942441295427,0.0060756046898603,0.0411283229175873,0.000991635741881868,-0.0453719628516901
interf_5hz_r05,2.37,0.00479456530341495,0.0336162821381013,0.117187509087852,-0.0055932373114504,0.951245165134661
